z,x,y
0,0,6
0,1,5
0,2,4
0,3,2
0,4,0
1,0,13
1,1,11
1,2,8
1,3,4
1,4,0
2,0,3
2,1,1
2,2,0
2,3,0
2,4,0
3,0,7
3,1,6
3,2,4
3,3,2
3,4,0
4,0,1
4,1,2
4,2,1
4,3,2
4,4,2
5,0,0
5,1,0
5,2,1
5,3,0
5,4,1
6,0,2
6,1,2
6,2,1
6,3,0
6,4,0
7,0,1
7,1,0
7,2,1
7,3,1
7,4,2
8,0,3
8,1,3
8,2,3
8,3,2
8,4,0
9,0,1
9,1,2
9,2,3
9,3,4
9,4,4
10,0,0
10,1,0
10,2,1
10,3,2
10,4,1
11,0,1
11,1,0
11,2,0
11,3,1
11,4,1
12,0,1
12,1,1
12,2,1
12,3,1
12,4,0
13,0,10
13,1,8
13,2,5
13,3,2
13,4,0
14,0,4
14,1,3
14,2,3
14,3,2
14,4,0
15,0,1
15,1,1
15,2,2
15,3,1
15,4,2
16,0,1
16,1,1
16,2,1
16,3,0
16,4,0
17,0,2
17,1,1
17,2,2
17,3,1
17,4,0
18,0,0
18,1,1
18,2,0
18,3,1
18,4,1
19,0,2
19,1,1
19,2,1
19,3,1
19,4,0
20,0,3
20,1,3
20,2,3
20,3,2
20,4,0
21,0,1
21,1,2
21,2,2
21,3,3
21,4,2
22,0,1
22,1,2
22,2,3
22,3,2
22,4,3
23,0,3
23,1,3
23,2,3
23,3,2
23,4,0
24,0,0
24,1,0
24,2,0
24,3,0
24,4,0
25,0,1
25,1,0
25,2,1
25,3,1
25,4,2
26,0,1
26,1,1
26,2,0
26,3,0
26,4,0
27,0,1
27,1,2
27,2,1
27,3,1
27,4,1
28,0,1
28,1,1
28,2,0
28,3,0
28,4,1
29,0,5
29,1,5
29,2,4
29,3,2
29,4,0
30,0,0
30,1,1
30,2,2
30,3,2
30,4,2
31,0,7
31,1,6
31,2,4
31,3,2
31,4,0
32,0,1
32,1,0
32,2,1
32,3,0
32,4,0
33,0,2
33,1,1
33,2,2
33,3,1
33,4,0
34,0,1
34,1,0
34,2,0
34,3,1
34,4,2
35,0,6
35,1,5
35,2,3
35,3,1
35,4,0
36,0,1
36,1,0
36,2,0
36,3,0
36,4,1
37,0,1
37,1,0
37,2,0
37,3,1
37,4,1
38,0,1
38,1,1
38,2,2
38,3,3
38,4,2
39,0,1
39,1,1
39,2,0
39,3,0
39,4,1
40,0,0
40,1,1
40,2,1
40,3,2
40,4,2
41,0,1
41,1,1
41,2,2
41,3,2
41,4,1
42,0,2
42,1,1
42,2,0
42,3,0
42,4,1
43,0,1
43,1,1
43,2,2
43,3,1
43,4,0
44,0,1
44,1,1
44,2,2
44,3,2
44,4,1
45,0,1
45,1,2
45,2,1
45,3,1
45,4,0
46,0,9
46,1,7
46,2,5
46,3,2
46,4,0
47,0,1
47,1,0
47,2,0
47,3,1
47,4,2
48,0,3
48,1,2
48,2,1
48,3,1
48,4,0
49,0,1
49,1,1
49,2,2
49,3,3
49,4,4
50,0,0
50,1,1
50,2,2
50,3,3
50,4,4
51,0,0
51,1,0
51,2,1
51,3,1
51,4,1
52,0,3
52,1,2
52,2,1
52,3,1
52,4,0
53,0,4
53,1,4
53,2,3
53,3,2
53,4,0
54,0,13
54,1,11
54,2,8
54,3,4
54,4,0
55,0,0
55,1,1
55,2,1
55,3,1
55,4,2
56,0,5
56,1,4
56,2,3
56,3,1
56,4,0
57,0,5
57,1,4
57,2,3
57,3,2
57,4,0
58,0,1
58,1,0
58,2,1
58,3,1
58,4,2
59,0,6
59,1,6
59,2,5
59,3,3
59,4,0
60,0,3
60,1,1
60,2,0
60,3,0
60,4,0
61,0,1
61,1,2
61,2,2
61,3,1
61,4,0
62,0,1
62,1,1
62,2,0
62,3,1
62,4,2
63,0,4
63,1,4
63,2,3
63,3,2
63,4,0
64,0,6
64,1,4
64,2,3
64,3,2
64,4,0
65,0,2
65,1,2
65,2,1
65,3,1
65,4,0
66,0,4
66,1,4
66,2,3
66,3,2
66,4,0
67,0,1
67,1,0
67,2,0
67,3,1
67,4,1
68,0,0
68,1,0
68,2,1
68,3,0
68,4,1
69,0,4
69,1,2
69,2,1
69,3,1
69,4,0
70,0,1
70,1,1
70,2,1
70,3,1
70,4,1
71,0,2
71,1,2
71,2,2
71,3,1
71,4,0
72,0,1
72,1,2
72,2,1
72,3,1
72,4,0
73,0,4
73,1,4
73,2,3
73,3,1
73,4,0
74,0,1
74,1,1
74,2,1
74,3,1
74,4,0
75,0,1
75,1,1
75,2,1
75,3,1
75,4,1
76,0,2
76,1,1
76,2,1
76,3,0
76,4,0
77,0,1
77,1,0
77,2,0
77,3,1
77,4,0
78,0,1
78,1,2
78,2,2
78,3,2
78,4,3
79,0,1
79,1,1
79,2,1
79,3,1
79,4,1
80,0,7
80,1,6
80,2,5
80,3,3
80,4,0
81,0,3
81,1,3
81,2,2
81,3,1
81,4,0
82,0,1
82,1,1
82,2,0
82,3,0
82,4,0
83,0,8
83,1,6
83,2,5
83,3,3
83,4,0
84,0,11
84,1,9
84,2,7
84,3,4
84,4,0
85,0,1
85,1,2
85,2,3
85,3,4
85,4,5
86,0,1
86,1,1
86,2,1
86,3,1
86,4,1
87,0,1
87,1,1
87,2,1
87,3,1
87,4,1
88,0,0
88,1,1
88,2,2
88,3,1
88,4,1
89,0,5
89,1,4
89,2,3
89,3,1
89,4,0
90,0,2
90,1,3
90,2,2
90,3,1
90,4,0
91,0,4
91,1,4
91,2,3
91,3,1
91,4,0
92,0,2
92,1,2
92,2,2
92,3,1
92,4,0
93,0,3
93,1,3
93,2,2
93,3,1
93,4,0
94,0,4
94,1,3
94,2,1
94,3,0
94,4,0
95,0,0
95,1,1
95,2,1
95,3,0
95,4,0
96,0,4
96,1,3
96,2,1
96,3,0
96,4,0
97,0,1
97,1,0
97,2,0
97,3,1
97,4,1
98,0,1
98,1,1
98,2,1
98,3,0
98,4,0
99,0,4
99,1,4
99,2,3
99,3,1
99,4,0
100,0,1
100,1,2
100,2,1
100,3,1
100,4,1
101,0,1
101,1,0
101,2,0
101,3,0
101,4,1
102,0,0
102,1,0
102,2,1
102,3,1
102,4,0
103,0,1
103,1,0
103,2,0
103,3,1
103,4,1
104,0,1
104,1,1
104,2,2
104,3,1
104,4,0
105,0,7
105,1,6
105,2,5
105,3,3
105,4,0
106,0,1
106,1,2
106,2,1
106,3,1
106,4,0
107,0,1
107,1,1
107,2,0
107,3,1
107,4,1
108,0,3
108,1,2
108,2,2
108,3,1
108,4,0
109,0,2
109,1,1
109,2,1
109,3,0
109,4,0
110,0,1
110,1,1
110,2,1
110,3,0
110,4,0
111,0,5
111,1,4
111,2,2
111,3,1
111,4,0
112,0,2
112,1,1
112,2,0
112,3,0
112,4,1
113,0,3
113,1,1
113,2,0
113,3,0
113,4,0
114,0,1
114,1,0
114,2,1
114,3,2
114,4,3
115,0,7
115,1,5
115,2,3
115,3,2
115,4,0
116,0,7
116,1,6
116,2,5
116,3,3
116,4,0
117,0,7
117,1,6
117,2,5
117,3,3
117,4,0
118,0,2
118,1,3
118,2,2
118,3,1
118,4,0
119,0,0
119,1,0
119,2,1
119,3,1
119,4,2
120,0,1
120,1,0
120,2,0
120,3,0
120,4,0
121,0,1
121,1,2
121,2,3
121,3,2
121,4,3
122,0,1
122,1,1
122,2,1
122,3,1
122,4,0
123,0,1
123,1,2
123,2,2
123,3,2
123,4,2
124,0,1
124,1,1
124,2,2
124,3,2
124,4,2
125,0,1
125,1,1
125,2,1
125,3,0
125,4,0
126,0,0
126,1,1
126,2,2
126,3,1
126,4,2
127,0,4
127,1,3
127,2,2
127,3,1
127,4,0
128,0,1
128,1,2
128,2,3
128,3,4
128,4,3
129,0,2
129,1,1
129,2,0
129,3,0
129,4,1
130,0,4
130,1,3
130,2,3
130,3,2
130,4,0
131,0,2
131,1,1
131,2,1
131,3,1
131,4,0
132,0,0
132,1,0
132,2,1
132,3,0
132,4,0
133,0,2
133,1,1
133,2,0
133,3,0
133,4,0
134,0,1
134,1,0
134,2,0
134,3,1
134,4,0
135,0,6
135,1,5
135,2,4
135,3,2
135,4,0
136,0,2
136,1,3
136,2,2
136,3,1
136,4,0
137,0,3
137,1,2
137,2,2
137,3,1
137,4,0
138,0,1
138,1,1
138,2,2
138,3,1
138,4,2
139,0,0
139,1,0
139,2,1
139,3,1
139,4,1
140,0,8
140,1,6
140,2,3
140,3,1
140,4,0
141,0,0
141,1,1
141,2,2
141,3,2
141,4,2
142,0,3
142,1,2
142,2,1
142,3,1
142,4,0
143,0,0
143,1,1
143,2,2
143,3,3
143,4,2
144,0,1
144,1,2
144,2,1
144,3,2
144,4,1
145,0,1
145,1,2
145,2,1
145,3,0
145,4,0
146,0,1
146,1,1
146,2,0
146,3,1
146,4,2
147,0,1
147,1,0
147,2,0
147,3,1
147,4,1
148,0,10
148,1,9
148,2,7
148,3,4
148,4,0
149,0,10
149,1,8
149,2,6
149,3,3
149,4,0
150,0,1
150,1,0
150,2,0
150,3,0
150,4,0
151,0,0
151,1,0
151,2,1
151,3,0
151,4,1
152,0,8
152,1,6
152,2,5
152,3,3
152,4,0
153,0,2
153,1,2
153,2,1
153,3,0
153,4,0
154,0,7
154,1,6
154,2,4
154,3,2
154,4,0
155,0,1
155,1,1
155,2,1
155,3,0
155,4,1
156,0,0
156,1,1
156,2,1
156,3,2
156,4,2
157,0,1
157,1,1
157,2,2
157,3,3
157,4,2
158,0,0
158,1,1
158,2,1
158,3,1
158,4,1
159,0,4
159,1,3
159,2,1
159,3,0
159,4,0
160,0,1
160,1,1
160,2,0
160,3,0
160,4,1
161,0,3
161,1,2
161,2,1
161,3,0
161,4,0
162,0,0
162,1,0
162,2,0
162,3,1
162,4,2
163,0,10
163,1,8
163,2,6
163,3,3
163,4,0
164,0,1
164,1,2
164,2,2
164,3,1
164,4,1
165,0,7
165,1,5
165,2,3
165,3,1
165,4,0
166,0,13
166,1,11
166,2,8
166,3,4
166,4,0
167,0,0
167,1,1
167,2,1
167,3,1
167,4,0
168,0,2
168,1,3
168,2,2
168,3,1
168,4,0
169,0,1
169,1,1
169,2,1
169,3,0
169,4,0
170,0,10
170,1,8
170,2,5
170,3,2
170,4,0
171,0,0
171,1,1
171,2,2
171,3,3
171,4,2
172,0,1
172,1,0
172,2,0
172,3,0
172,4,1
173,0,2
173,1,2
173,2,1
173,3,1
173,4,0
174,0,7
174,1,6
174,2,4
174,3,2
174,4,0
175,0,10
175,1,8
175,2,5
175,3,2
175,4,0
176,0,1
176,1,1
176,2,1
176,3,2
176,4,3
177,0,6
177,1,5
177,2,3
177,3,2
177,4,0
178,0,1
178,1,0
178,2,0
178,3,1
178,4,2
179,0,1
179,1,1
179,2,1
179,3,2
179,4,2
180,0,3
180,1,2
180,2,1
180,3,0
180,4,0
181,0,3
181,1,1
181,2,0
181,3,0
181,4,1
182,0,1
182,1,0
182,2,0
182,3,1
182,4,2
183,0,1
183,1,2
183,2,1
183,3,1
183,4,1
184,0,6
184,1,4
184,2,3
184,3,2
184,4,0
185,0,1
185,1,2
185,2,1
185,3,0
185,4,1
186,0,6
186,1,4
186,2,3
186,3,2
186,4,0
187,0,0
187,1,0
187,2,1
187,3,1
187,4,2
188,0,0
188,1,1
188,2,2
188,3,2
188,4,1
189,0,2
189,1,2
189,2,1
189,3,1
189,4,0
190,0,1
190,1,0
190,2,0
190,3,0
190,4,0
191,0,3
191,1,2
191,2,2
191,3,1
191,4,0
192,0,4
192,1,3
192,2,2
192,3,1
192,4,0
193,0,0
193,1,0
193,2,1
193,3,1
193,4,1
194,0,2
194,1,3
194,2,2
194,3,1
194,4,0
195,0,2
195,1,1
195,2,1
195,3,1
195,4,0
196,0,0
196,1,0
196,2,1
196,3,1
196,4,2
197,0,1
197,1,0
197,2,0
197,3,1
197,4,2
198,0,0
198,1,0
198,2,1
198,3,1
198,4,2
199,0,1
199,1,0
199,2,1
199,3,2
199,4,2
200,0,1
200,1,1
200,2,2
200,3,1
200,4,0
201,0,1
201,1,0
201,2,0
201,3,0
201,4,0
202,0,9
202,1,8
202,2,6
202,3,3
202,4,0
203,0,1
203,1,0
203,2,0
203,3,1
203,4,1
204,0,1
204,1,1
204,2,1
204,3,2
204,4,2
205,0,6
205,1,6
205,2,5
205,3,3
205,4,0
206,0,10
206,1,9
206,2,7
206,3,4
206,4,0
207,0,1
207,1,0
207,2,1
207,3,1
207,4,0
208,0,0
208,1,0
208,2,1
208,3,2
208,4,1
209,0,4
209,1,3
209,2,2
209,3,1
209,4,0
210,0,1
210,1,2
210,2,3
210,3,4
210,4,4
211,0,4
211,1,3
211,2,2
211,3,1
211,4,0
212,0,6
212,1,6
212,2,5
212,3,3
212,4,0
213,0,1
213,1,2
213,2,3
213,3,4
213,4,5
214,0,2
214,1,1
214,2,1
214,3,1
214,4,0
215,0,2
215,1,2
215,2,2
215,3,1
215,4,0
216,0,1
216,1,0
216,2,1
216,3,2
216,4,3
217,0,0
217,1,1
217,2,1
217,3,0
217,4,1
218,0,0
218,1,1
218,2,1
218,3,2
218,4,3
219,0,1
219,1,1
219,2,0
219,3,0
219,4,0
220,0,8
220,1,7
220,2,5
220,3,2
220,4,0
221,0,7
221,1,5
221,2,3
221,3,1
221,4,0
222,0,1
222,1,2
222,2,2
222,3,3
222,4,2
223,0,10
223,1,8
223,2,5
223,3,2
223,4,0
224,0,7
224,1,6
224,2,5
224,3,3
224,4,0
225,0,4
225,1,2
225,2,1
225,3,1
225,4,0
226,0,0
226,1,0
226,2,1
226,3,2
226,4,1
227,0,0
227,1,0
227,2,1
227,3,1
227,4,1
228,0,3
228,1,3
228,2,2
228,3,1
228,4,0
229,0,3
229,1,2
229,2,1
229,3,1
229,4,0
230,0,0
230,1,0
230,2,0
230,3,0
230,4,1
231,0,1
231,1,2
231,2,1
231,3,1
231,4,2
232,0,1
232,1,2
232,2,3
232,3,2
232,4,1
233,0,2
233,1,2
233,2,1
233,3,1
233,4,0
234,0,10
234,1,8
234,2,5
234,3,2
234,4,0
235,0,1
235,1,2
235,2,1
235,3,0
235,4,0
236,0,0
236,1,0
236,2,1
236,3,1
236,4,1
237,0,6
237,1,4
237,2,3
237,3,1
237,4,0
238,0,1
238,1,2
238,2,3
238,3,3
238,4,3
239,0,3
239,1,2
239,2,2
239,3,1
239,4,0
240,0,4
240,1,3
240,2,2
240,3,1
240,4,0
241,0,4
241,1,3
241,2,3
241,3,2
241,4,0
242,0,1
242,1,2
242,2,1
242,3,2
242,4,3
243,0,0
243,1,0
243,2,1
243,3,1
243,4,1
244,0,4
244,1,4
244,2,3
244,3,2
244,4,0
245,0,9
245,1,8
245,2,6
245,3,3
245,4,0
246,0,0
246,1,1
246,2,2
246,3,2
246,4,3
247,0,0
247,1,1
247,2,0
247,3,1
247,4,2
248,0,1
248,1,0
248,2,1
248,3,1
248,4,1
249,0,4
249,1,4
249,2,3
249,3,1
249,4,0
250,0,1
250,1,2
250,2,3
250,3,3
250,4,4
251,0,0
251,1,1
251,2,2
251,3,2
251,4,1
252,0,1
252,1,1
252,2,1
252,3,2
252,4,1
253,0,10
253,1,8
253,2,5
253,3,3
253,4,0
254,0,5
254,1,5
254,2,4
254,3,2
254,4,0
255,0,1
255,1,1
255,2,2
255,3,3
255,4,2
256,0,1
256,1,2
256,2,2
256,3,3
256,4,2
257,0,1
257,1,1
257,2,0
257,3,1
257,4,1
258,0,0
258,1,1
258,2,2
258,3,3
258,4,3
259,0,1
259,1,0
259,2,0
259,3,1
259,4,0
260,0,0
260,1,0
260,2,1
260,3,0
260,4,0
261,0,7
261,1,6
261,2,5
261,3,3
261,4,0
262,0,0
262,1,1
262,2,2
262,3,1
262,4,0
263,0,2
263,1,2
263,2,2
263,3,1
263,4,0
264,0,5
264,1,4
264,2,3
264,3,2
264,4,0
265,0,2
265,1,2
265,2,1
265,3,0
265,4,0
266,0,2
266,1,1
266,2,0
266,3,0
266,4,1
267,0,1
267,1,0
267,2,0
267,3,1
267,4,1
268,0,0
268,1,0
268,2,0
268,3,0
268,4,1
269,0,6
269,1,5
269,2,3
269,3,1
269,4,0
270,0,0
270,1,0
270,2,1
270,3,0
270,4,0
271,0,1
271,1,0
271,2,0
271,3,0
271,4,1
272,0,4
272,1,3
272,2,2
272,3,1
272,4,0
273,0,0
273,1,1
273,2,2
273,3,3
273,4,4
274,0,1
274,1,2
274,2,1
274,3,1
274,4,2
275,0,7
275,1,5
275,2,4
275,3,2
275,4,0
276,0,1
276,1,1
276,2,1
276,3,2
276,4,1
277,0,1
277,1,1
277,2,2
277,3,2
277,4,1
278,0,1
278,1,1
278,2,1
278,3,0
278,4,0
279,0,1
279,1,1
279,2,1
279,3,1
279,4,2
280,0,1
280,1,0
280,2,0
280,3,0
280,4,0
281,0,8
281,1,6
281,2,3
281,3,1
281,4,0
282,0,1
282,1,1
282,2,0
282,3,1
282,4,2
283,0,1
283,1,2
283,2,3
283,3,2
283,4,3
284,0,2
284,1,1
284,2,1
284,3,0
284,4,0
285,0,1
285,1,0
285,2,0
285,3,1
285,4,1
286,0,9
286,1,7
286,2,5
286,3,2
286,4,0
287,0,1
287,1,2
287,2,2
287,3,1
287,4,2
288,0,5
288,1,4
288,2,3
288,3,2
288,4,0
289,0,1
289,1,1
289,2,0
289,3,0
289,4,1
290,0,4
290,1,3
290,2,2
290,3,1
290,4,0
291,0,8
291,1,6
291,2,3
291,3,1
291,4,0
292,0,2
292,1,1
292,2,1
292,3,1
292,4,0
293,0,1
293,1,0
293,2,0
293,3,1
293,4,2
294,0,8
294,1,7
294,2,5
294,3,3
294,4,0
295,0,1
295,1,2
295,2,2
295,3,1
295,4,2
296,0,2
296,1,1
296,2,0
296,3,0
296,4,0
297,0,8
297,1,7
297,2,5
297,3,3
297,4,0
298,0,0
298,1,1
298,2,1
298,3,2
298,4,3
299,0,6
299,1,6
299,2,5
299,3,3
299,4,0
300,0,0
300,1,0
300,2,1
300,3,1
300,4,2
301,0,4
301,1,3
301,2,3
301,3,2
301,4,0
302,0,2
302,1,1
302,2,1
302,3,0
302,4,0
303,0,1
303,1,1
303,2,2
303,3,1
303,4,1
304,0,1
304,1,1
304,2,2
304,3,2
304,4,1
305,0,1
305,1,1
305,2,0
305,3,0
305,4,1
306,0,9
306,1,8
306,2,6
306,3,3
306,4,0
307,0,10
307,1,9
307,2,7
307,3,4
307,4,0
308,0,1
308,1,1
308,2,2
308,3,1
308,4,0
309,0,2
309,1,1
309,2,0
309,3,0
309,4,1
310,0,0
310,1,0
310,2,0
310,3,0
310,4,1
311,0,0
311,1,1
311,2,0
311,3,1
311,4,1
312,0,1
312,1,0
312,2,0
312,3,1
312,4,0
313,0,1
313,1,1
313,2,2
313,3,2
313,4,3
314,0,0
314,1,0
314,2,0
314,3,1
314,4,0
315,0,1
315,1,0
315,2,0
315,3,1
315,4,2
316,0,2
316,1,1
316,2,0
316,3,0
316,4,1
317,0,1
317,1,1
317,2,0
317,3,1
317,4,2
318,0,2
318,1,1
318,2,1
318,3,0
318,4,0
319,0,11
319,1,9
319,2,6
319,3,3
319,4,0
320,0,0
320,1,0
320,2,0
320,3,1
320,4,0
321,0,9
321,1,7
321,2,4
321,3,2
321,4,0
322,0,13
322,1,11
322,2,8
322,3,4
322,4,0
323,0,4
323,1,3
323,2,1
323,3,0
323,4,0
324,0,1
324,1,1
324,2,1
324,3,1
324,4,2
325,0,0
325,1,1
325,2,2
325,3,2
325,4,2
326,0,1
326,1,2
326,2,2
326,3,1
326,4,2
327,0,1
327,1,2
327,2,3
327,3,3
327,4,2
328,0,1
328,1,1
328,2,0
328,3,0
328,4,0
329,0,7
329,1,6
329,2,5
329,3,3
329,4,0
330,0,2
330,1,1
330,2,0
330,3,0
330,4,0
331,0,1
331,1,2
331,2,2
331,3,3
331,4,2
332,0,1
332,1,1
332,2,1
332,3,0
332,4,0
333,0,1
333,1,2
333,2,3
333,3,4
333,4,3
334,0,0
334,1,1
334,2,1
334,3,1
334,4,1
335,0,1
335,1,2
335,2,2
335,3,2
335,4,2
336,0,1
336,1,1
336,2,1
336,3,1
336,4,0
337,0,0
337,1,0
337,2,0
337,3,0
337,4,0
338,0,1
338,1,1
338,2,2
338,3,3
338,4,4
339,0,1
339,1,2
339,2,2
339,3,3
339,4,3
340,0,7
340,1,6
340,2,5
340,3,3
340,4,0
341,0,5
341,1,4
341,2,3
341,3,2
341,4,0
342,0,2
342,1,1
342,2,1
342,3,0
342,4,0
343,0,0
343,1,0
343,2,1
343,3,2
343,4,2
344,0,13
344,1,11
344,2,8
344,3,4
344,4,0
345,0,8
345,1,7
345,2,5
345,3,2
345,4,0
346,0,1
346,1,1
346,2,2
346,3,2
346,4,2
347,0,8
347,1,7
347,2,5
347,3,3
347,4,0
348,0,0
348,1,0
348,2,1
348,3,2
348,4,1
349,0,0
349,1,0
349,2,0
349,3,1
349,4,1
350,0,2
350,1,2
350,2,1
350,3,0
350,4,0
351,0,1
351,1,0
351,2,0
351,3,1
351,4,2
352,0,0
352,1,1
352,2,1
352,3,2
352,4,1
353,0,1
353,1,2
353,2,2
353,3,3
353,4,3
354,0,1
354,1,0
354,2,0
354,3,1
354,4,0
355,0,11
355,1,9
355,2,7
355,3,4
355,4,0
356,0,0
356,1,1
356,2,2
356,3,3
356,4,4
357,0,4
357,1,4
357,2,3
357,3,2
357,4,0
358,0,1
358,1,0
358,2,0
358,3,1
358,4,1
359,0,2
359,1,2
359,2,1
359,3,0
359,4,0
360,0,1
360,1,1
360,2,2
360,3,3
360,4,4
361,0,12
361,1,10
361,2,7
361,3,3
361,4,0
362,0,1
362,1,0
362,2,0
362,3,1
362,4,1
363,0,0
363,1,1
363,2,2
363,3,1
363,4,1
364,0,1
364,1,0
364,2,0
364,3,1
364,4,1
365,0,4
365,1,3
365,2,1
365,3,0
365,4,0
366,0,3
366,1,2
366,2,1
366,3,0
366,4,0
367,0,3
367,1,3
367,2,3
367,3,2
367,4,0
368,0,0
368,1,1
368,2,2
368,3,1
368,4,0
369,0,4
369,1,4
369,2,3
369,3,1
369,4,0
370,0,3
370,1,2
370,2,1
370,3,1
370,4,0
371,0,1
371,1,0
371,2,0
371,3,1
371,4,0
372,0,8
372,1,7
372,2,5
372,3,2
372,4,0
373,0,0
373,1,0
373,2,1
373,3,2
373,4,2
374,0,0
374,1,0
374,2,0
374,3,1
374,4,2
375,0,1
375,1,1
375,2,2
375,3,2
375,4,1
376,0,0
376,1,0
376,2,0
376,3,1
376,4,1
377,0,0
377,1,1
377,2,2
377,3,2
377,4,2
378,0,1
378,1,1
378,2,1
378,3,1
378,4,1
379,0,1
379,1,1
379,2,1
379,3,1
379,4,0
380,0,1
380,1,0
380,2,0
380,3,0
380,4,1
381,0,4
381,1,2
381,2,1
381,3,1
381,4,0
382,0,0
382,1,0
382,2,0
382,3,0
382,4,0
383,0,1
383,1,0
383,2,1
383,3,1
383,4,2
384,0,0
384,1,1
384,2,1
384,3,1
384,4,0
385,0,1
385,1,2
385,2,1
385,3,2
385,4,2
386,0,3
386,1,2
386,2,1
386,3,1
386,4,0
387,0,0
387,1,1
387,2,2
387,3,3
387,4,2
388,0,1
388,1,0
388,2,0
388,3,1
388,4,2
389,0,0
389,1,1
389,2,2
389,3,1
389,4,0
390,0,1
390,1,0
390,2,1
390,3,2
390,4,2
391,0,4
391,1,4
391,2,3
391,3,2
391,4,0
392,0,10
392,1,8
392,2,5
392,3,2
392,4,0
393,0,6
393,1,6
393,2,5
393,3,3
393,4,0
394,0,6
394,1,5
394,2,4
394,3,2
394,4,0
395,0,1
395,1,1
395,2,1
395,3,0
395,4,1
396,0,13
396,1,11
396,2,8
396,3,4
396,4,0
397,0,2
397,1,2
397,2,2
397,3,1
397,4,0
398,0,4
398,1,4
398,2,3
398,3,2
398,4,0
399,0,5
399,1,4
399,2,3
399,3,1
399,4,0
400,0,4
400,1,4
400,2,3
400,3,2
400,4,0
401,0,1
401,1,0
401,2,1
401,3,1
401,4,0
402,0,6
402,1,5
402,2,3
402,3,2
402,4,0
403,0,0
403,1,1
403,2,1
403,3,0
403,4,0
404,0,7
404,1,5
404,2,3
404,3,2
404,4,0
405,0,2
405,1,3
405,2,2
405,3,1
405,4,0
406,0,0
406,1,1
406,2,2
406,3,2
406,4,1
407,0,1
407,1,1
407,2,0
407,3,0
407,4,0
408,0,1
408,1,2
408,2,3
408,3,4
408,4,5
409,0,3
409,1,2
409,2,1
409,3,0
409,4,0
410,0,1
410,1,1
410,2,1
410,3,1
410,4,0
411,0,1
411,1,1
411,2,0
411,3,1
411,4,1
412,0,5
412,1,5
412,2,4
412,3,2
412,4,0
413,0,4
413,1,2
413,2,1
413,3,1
413,4,0
414,0,6
414,1,4
414,2,2
414,3,1
414,4,0
415,0,1
415,1,1
415,2,2
415,3,1
415,4,0
416,0,1
416,1,0
416,2,0
416,3,0
416,4,1
417,0,10
417,1,8
417,2,5
417,3,2
417,4,0
418,0,1
418,1,2
418,2,2
418,3,2
418,4,1
419,0,1
419,1,2
419,2,1
419,3,2
419,4,3
420,0,1
420,1,2
420,2,3
420,3,4
420,4,4
421,0,1
421,1,1
421,2,0
421,3,1
421,4,0
422,0,1
422,1,2
422,2,1
422,3,2
422,4,1
423,0,1
423,1,2
423,2,2
423,3,3
423,4,3
424,0,2
424,1,2
424,2,1
424,3,1
424,4,0
425,0,1
425,1,2
425,2,2
425,3,2
425,4,1
426,0,11
426,1,9
426,2,7
426,3,4
426,4,0
427,0,0
427,1,1
427,2,1
427,3,0
427,4,1
428,0,10
428,1,8
428,2,5
428,3,3
428,4,0
429,0,3
429,1,2
429,2,2
429,3,1
429,4,0
430,0,0
430,1,1
430,2,1
430,3,2
430,4,2
431,0,3
431,1,1
431,2,0
431,3,0
431,4,1
432,0,5
432,1,4
432,2,2
432,3,1
432,4,0
433,0,0
433,1,0
433,2,1
433,3,2
433,4,3
434,0,1
434,1,2
434,2,3
434,3,4
434,4,5
435,0,2
435,1,1
435,2,1
435,3,1
435,4,0
436,0,1
436,1,2
436,2,2
436,3,2
436,4,2
437,0,2
437,1,2
437,2,1
437,3,1
437,4,0
438,0,13
438,1,11
438,2,8
438,3,4
438,4,0
439,0,1
439,1,1
439,2,0
439,3,0
439,4,1
440,0,2
440,1,1
440,2,0
440,3,0
440,4,0
441,0,1
441,1,1
441,2,0
441,3,0
441,4,1
442,0,0
442,1,0
442,2,1
442,3,2
442,4,2
443,0,0
443,1,1
443,2,1
443,3,0
443,4,0
444,0,9
444,1,8
444,2,6
444,3,3
444,4,0
445,0,1
445,1,2
445,2,3
445,3,3
445,4,4
446,0,1
446,1,2
446,2,1
446,3,0
446,4,0
447,0,0
447,1,1
447,2,2
447,3,1
447,4,0
448,0,6
448,1,5
448,2,3
448,3,2
448,4,0
449,0,3
449,1,3
449,2,3
449,3,2
449,4,0
450,0,1
450,1,2
450,2,1
450,3,0
450,4,0
451,0,2
451,1,2
451,2,2
451,3,1
451,4,0
452,0,1
452,1,1
452,2,1
452,3,1
452,4,0
453,0,9
453,1,7
453,2,5
453,3,3
453,4,0
454,0,1
454,1,1
454,2,2
454,3,1
454,4,0
455,0,5
455,1,4
455,2,3
455,3,2
455,4,0
456,0,1
456,1,1
456,2,0
456,3,0
456,4,1
457,0,1
457,1,1
457,2,2
457,3,3
457,4,3
458,0,0
458,1,0
458,2,0
458,3,1
458,4,0
459,0,9
459,1,8
459,2,6
459,3,3
459,4,0
460,0,1
460,1,2
460,2,3
460,3,4
460,4,3
461,0,13
461,1,11
461,2,8
461,3,4
461,4,0
462,0,12
462,1,10
462,2,7
462,3,4
462,4,0
463,0,3
463,1,2
463,2,1
463,3,1
463,4,0
464,0,3
464,1,3
464,2,2
464,3,1
464,4,0
465,0,6
465,1,5
465,2,4
465,3,2
465,4,0
466,0,0
466,1,1
466,2,0
466,3,0
466,4,0
467,0,5
467,1,4
467,2,3
467,3,1
467,4,0
468,0,1
468,1,1
468,2,1
468,3,1
468,4,2
469,0,1
469,1,0
469,2,0
469,3,0
469,4,0
470,0,3
470,1,2
470,2,1
470,3,0
470,4,0
471,0,0
471,1,0
471,2,1
471,3,1
471,4,1
472,0,7
472,1,6
472,2,4
472,3,2
472,4,0
473,0,1
473,1,1
473,2,1
473,3,1
473,4,0
474,0,8
474,1,7
474,2,5
474,3,3
474,4,0
475,0,3
475,1,1
475,2,0
475,3,0
475,4,0
476,0,0
476,1,1
476,2,1
476,3,2
476,4,3
477,0,4
477,1,2
477,2,1
477,3,0
477,4,0
478,0,1
478,1,0
478,2,1
478,3,2
478,4,2
479,0,4
479,1,4
479,2,3
479,3,1
479,4,0
480,0,1
480,1,2
480,2,3
480,3,2
480,4,3
481,0,2
481,1,2
481,2,1
481,3,0
481,4,0
482,0,0
482,1,0
482,2,1
482,3,1
482,4,2
483,0,0
483,1,0
483,2,1
483,3,1
483,4,1
484,0,3
484,1,3
484,2,2
484,3,1
484,4,0
485,0,1
485,1,1
485,2,1
485,3,0
485,4,0
486,0,1
486,1,1
486,2,0
486,3,0
486,4,1
487,0,2
487,1,2
487,2,1
487,3,0
487,4,0
488,0,1
488,1,1
488,2,0
488,3,1
488,4,2
489,0,1
489,1,2
489,2,2
489,3,2
489,4,3
490,0,2
490,1,2
490,2,2
490,3,1
490,4,0
491,0,1
491,1,1
491,2,1
491,3,2
491,4,3
492,0,1
492,1,1
492,2,0
492,3,1
492,4,1
493,0,1
493,1,2
493,2,3
493,3,3
493,4,2
494,0,13
494,1,11
494,2,8
494,3,4
494,4,0
495,0,7
495,1,6
495,2,4
495,3,2
495,4,0
496,0,0
496,1,0
496,2,1
496,3,0
496,4,1
497,0,1
497,1,0
497,2,0
497,3,0
497,4,0
498,0,3
498,1,2
498,2,2
498,3,1
498,4,0
499,0,4
499,1,4
499,2,3
499,3,2
499,4,0
500,0,4
500,1,2
500,2,1
500,3,0
500,4,0
501,0,9
501,1,7
501,2,5
501,3,3
501,4,0
502,0,2
502,1,2
502,2,1
502,3,1
502,4,0
503,0,1
503,1,2
503,2,1
503,3,1
503,4,2
504,0,0
504,1,1
504,2,1
504,3,0
504,4,0
505,0,0
505,1,0
505,2,1
505,3,2
505,4,1
506,0,9
506,1,7
506,2,5
506,3,2
506,4,0
507,0,1
507,1,2
507,2,3
507,3,4
507,4,4
508,0,0
508,1,1
508,2,2
508,3,3
508,4,4
509,0,4
509,1,4
509,2,3
509,3,2
509,4,0
510,0,2
510,1,1
510,2,0
510,3,0
510,4,0
511,0,1
511,1,2
511,2,1
511,3,1
511,4,0
512,0,0
512,1,1
512,2,1
512,3,0
512,4,1
513,0,0
513,1,0
513,2,0
513,3,1
513,4,2
514,0,8
514,1,7
514,2,5
514,3,2
514,4,0
515,0,8
515,1,7
515,2,5
515,3,2
515,4,0
516,0,6
516,1,4
516,2,2
516,3,1
516,4,0
517,0,1
517,1,2
517,2,2
517,3,1
517,4,0
518,0,0
518,1,1
518,2,0
518,3,1
518,4,2
519,0,11
519,1,9
519,2,7
519,3,4
519,4,0
520,0,1
520,1,1
520,2,0
520,3,0
520,4,1
521,0,5
521,1,4
521,2,2
521,3,1
521,4,0
522,0,3
522,1,3
522,2,2
522,3,1
522,4,0
523,0,2
523,1,2
523,2,1
523,3,0
523,4,0
524,0,1
524,1,1
524,2,2
524,3,3
524,4,3
525,0,5
525,1,4
525,2,3
525,3,2
525,4,0
526,0,2
526,1,3
526,2,2
526,3,1
526,4,0
527,0,2
527,1,1
527,2,1
527,3,1
527,4,0
528,0,3
528,1,3
528,2,3
528,3,2
528,4,0
529,0,8
529,1,6
529,2,4
529,3,2
529,4,0
530,0,11
530,1,9
530,2,6
530,3,3
530,4,0
531,0,3
531,1,1
531,2,0
531,3,0
531,4,0
532,0,1
532,1,0
532,2,0
532,3,1
532,4,1
533,0,1
533,1,1
533,2,0
533,3,0
533,4,1
534,0,5
534,1,4
534,2,3
534,3,1
534,4,0
535,0,7
535,1,6
535,2,5
535,3,3
535,4,0
536,0,1
536,1,0
536,2,0
536,3,0
536,4,0
537,0,0
537,1,0
537,2,1
537,3,1
537,4,2
538,0,1
538,1,1
538,2,2
538,3,2
538,4,1
539,0,1
539,1,1
539,2,1
539,3,1
539,4,0
540,0,1
540,1,0
540,2,1
540,3,0
540,4,0
541,0,0
541,1,1
541,2,2
541,3,3
541,4,2
542,0,4
542,1,2
542,2,1
542,3,0
542,4,0
543,0,5
543,1,4
543,2,3
543,3,2
543,4,0
544,0,4
544,1,3
544,2,3
544,3,2
544,4,0
545,0,0
545,1,1
545,2,0
545,3,0
545,4,1
546,0,2
546,1,1
546,2,1
546,3,0
546,4,0
547,0,0
547,1,1
547,2,1
547,3,1
547,4,0
548,0,2
548,1,1
548,2,1
548,3,0
548,4,0
549,0,7
549,1,5
549,2,3
549,3,1
549,4,0
550,0,12
550,1,10
550,2,7
550,3,3
550,4,0
551,0,4
551,1,3
551,2,3
551,3,2
551,4,0
552,0,5
552,1,3
552,2,2
552,3,1
552,4,0
553,0,4
553,1,3
553,2,2
553,3,1
553,4,0
554,0,1
554,1,2
554,2,3
554,3,4
554,4,4
555,0,0
555,1,1
555,2,2
555,3,2
555,4,1
556,0,0
556,1,1
556,2,2
556,3,2
556,4,1
557,0,2
557,1,1
557,2,1
557,3,1
557,4,0
558,0,1
558,1,0
558,2,0
558,3,0
558,4,0
559,0,6
559,1,5
559,2,3
559,3,2
559,4,0
560,0,4
560,1,3
560,2,2
560,3,1
560,4,0
561,0,2
561,1,2
561,2,1
561,3,0
561,4,0
562,0,4
562,1,3
562,2,1
562,3,0
562,4,0
563,0,0
563,1,0
563,2,1
563,3,2
563,4,1
564,0,1
564,1,1
564,2,2
564,3,1
564,4,1
565,0,0
565,1,1
565,2,2
565,3,2
565,4,2
566,0,1
566,1,1
566,2,2
566,3,2
566,4,3
567,0,1
567,1,0
567,2,0
567,3,1
567,4,0
568,0,1
568,1,2
568,2,1
568,3,0
568,4,0
569,0,1
569,1,2
569,2,3
569,3,2
569,4,3
570,0,5
570,1,4
570,2,3
570,3,2
570,4,0
571,0,0
571,1,0
571,2,1
571,3,2
571,4,3
572,0,3
572,1,2
572,2,1
572,3,1
572,4,0
573,0,1
573,1,2
573,2,1
573,3,2
573,4,2
574,0,1
574,1,2
574,2,3
574,3,2
574,4,1
575,0,0
575,1,0
575,2,1
575,3,1
575,4,1
576,0,1
576,1,2
576,2,3
576,3,2
576,4,1
577,0,0
577,1,0
577,2,1
577,3,0
577,4,0
578,0,4
578,1,3
578,2,2
578,3,1
578,4,0
579,0,8
579,1,6
579,2,3
579,3,1
579,4,0
580,0,2
580,1,2
580,2,2
580,3,1
580,4,0
581,0,0
581,1,0
581,2,1
581,3,2
581,4,1
582,0,1
582,1,0
582,2,1
582,3,2
582,4,1
583,0,3
583,1,3
583,2,2
583,3,1
583,4,0
584,0,2
584,1,1
584,2,0
584,3,0
584,4,1
585,0,0
585,1,1
585,2,2
585,3,2
585,4,3
586,0,0
586,1,1
586,2,2
586,3,2
586,4,3
587,0,6
587,1,5
587,2,3
587,3,2
587,4,0
588,0,1
588,1,1
588,2,2
588,3,1
588,4,1
589,0,6
589,1,5
589,2,3
589,3,1
589,4,0
590,0,7
590,1,5
590,2,3
590,3,1
590,4,0
591,0,0
591,1,1
591,2,0
591,3,0
591,4,0
592,0,6
592,1,4
592,2,2
592,3,1
592,4,0
593,0,12
593,1,10
593,2,7
593,3,4
593,4,0
594,0,6
594,1,5
594,2,3
594,3,2
594,4,0
595,0,4
595,1,3
595,2,1
595,3,0
595,4,0
596,0,6
596,1,6
596,2,5
596,3,3
596,4,0
597,0,10
597,1,8
597,2,5
597,3,2
597,4,0
598,0,1
598,1,2
598,2,2
598,3,2
598,4,2
599,0,1
599,1,1
599,2,1
599,3,0
599,4,0
600,0,1
600,1,2
600,2,1
600,3,2
600,4,3
601,0,5
601,1,4
601,2,3
601,3,2
601,4,0
602,0,1
602,1,1
602,2,1
602,3,0
602,4,0
603,0,0
603,1,0
603,2,0
603,3,1
603,4,1
604,0,1
604,1,1
604,2,0
604,3,0
604,4,0
605,0,6
605,1,6
605,2,5
605,3,3
605,4,0
606,0,8
606,1,7
606,2,5
606,3,2
606,4,0
607,0,8
607,1,7
607,2,5
607,3,3
607,4,0
608,0,0
608,1,1
608,2,2
608,3,3
608,4,4
609,0,2
609,1,2
609,2,1
609,3,1
609,4,0
610,0,1
610,1,2
610,2,3
610,3,4
610,4,4
611,0,5
611,1,4
611,2,3
611,3,2
611,4,0
612,0,1
612,1,1
612,2,2
612,3,1
612,4,0
613,0,0
613,1,0
613,2,1
613,3,0
613,4,0
614,0,2
614,1,2
614,2,2
614,3,1
614,4,0
615,0,0
615,1,0
615,2,0
615,3,1
615,4,0
616,0,3
616,1,3
616,2,3
616,3,2
616,4,0
617,0,1
617,1,0
617,2,0
617,3,1
617,4,2
618,0,8
618,1,6
618,2,4
618,3,2
618,4,0
619,0,0
619,1,0
619,2,0
619,3,1
619,4,2
620,0,1
620,1,1
620,2,0
620,3,1
620,4,0
621,0,1
621,1,0
621,2,1
621,3,1
621,4,0
622,0,0
622,1,0
622,2,1
622,3,1
622,4,1
623,0,0
623,1,0
623,2,0
623,3,1
623,4,2
624,0,0
624,1,0
624,2,0
624,3,0
624,4,0
625,0,9
625,1,8
625,2,6
625,3,3
625,4,0
626,0,1
626,1,1
626,2,0
626,3,1
626,4,2
627,0,6
627,1,5
627,2,3
627,3,2
627,4,0
628,0,2
628,1,3
628,2,2
628,3,1
628,4,0
629,0,6
629,1,5
629,2,3
629,3,2
629,4,0
630,0,0
630,1,1
630,2,1
630,3,1
630,4,2
631,0,7
631,1,6
631,2,5
631,3,3
631,4,0
632,0,7
632,1,5
632,2,3
632,3,1
632,4,0
633,0,1
633,1,1
633,2,0
633,3,1
633,4,0
634,0,6
634,1,4
634,2,2
634,3,1
634,4,0
635,0,1
635,1,2
635,2,2
635,3,3
635,4,4
636,0,1
636,1,1
636,2,1
636,3,1
636,4,0
637,0,3
637,1,2
637,2,1
637,3,0
637,4,0
638,0,9
638,1,7
638,2,4
638,3,2
638,4,0
639,0,1
639,1,2
639,2,1
639,3,2
639,4,2
640,0,3
640,1,4
640,2,3
640,3,2
640,4,0
641,0,0
641,1,1
641,2,0
641,3,1
641,4,1
642,0,2
642,1,1
642,2,1
642,3,1
642,4,0
643,0,0
643,1,1
643,2,2
643,3,3
643,4,4
644,0,3
644,1,4
644,2,3
644,3,2
644,4,0
645,0,0
645,1,0
645,2,1
645,3,1
645,4,0
646,0,4
646,1,4
646,2,3
646,3,2
646,4,0
647,0,0
647,1,0
647,2,0
647,3,1
647,4,2
648,0,4
648,1,4
648,2,3
648,3,2
648,4,0
649,0,7
649,1,6
649,2,5
649,3,3
649,4,0
650,0,1
650,1,2
650,2,1
650,3,1
650,4,0
651,0,0
651,1,1
651,2,2
651,3,1
651,4,0
652,0,1
652,1,1
652,2,1
652,3,2
652,4,3
653,0,0
653,1,0
653,2,1
653,3,0
653,4,1
654,0,0
654,1,0
654,2,1
654,3,0
654,4,1
655,0,4
655,1,3
655,2,2
655,3,1
655,4,0
656,0,8
656,1,7
656,2,5
656,3,2
656,4,0
657,0,0
657,1,0
657,2,1
657,3,0
657,4,0
658,0,0
658,1,1
658,2,1
658,3,2
658,4,3
659,0,1
659,1,0
659,2,1
659,3,1
659,4,2
660,0,1
660,1,0
660,2,0
660,3,1
660,4,0
661,0,0
661,1,1
661,2,2
661,3,1
661,4,1
662,0,6
662,1,4
662,2,3
662,3,2
662,4,0
663,0,0
663,1,0
663,2,0
663,3,0
663,4,0
664,0,2
664,1,2
664,2,1
664,3,0
664,4,0
665,0,0
665,1,0
665,2,0
665,3,1
665,4,1
666,0,5
666,1,4
666,2,2
666,3,1
666,4,0
667,0,1
667,1,0
667,2,1
667,3,2
667,4,1
668,0,0
668,1,0
668,2,1
668,3,2
668,4,2
669,0,1
669,1,1
669,2,1
669,3,0
669,4,1
670,0,0
670,1,1
670,2,2
670,3,2
670,4,2
671,0,6
671,1,5
671,2,3
671,3,2
671,4,0
672,0,1
672,1,1
672,2,2
672,3,2
672,4,2
673,0,6
673,1,5
673,2,3
673,3,2
673,4,0
674,0,10
674,1,9
674,2,7
674,3,4
674,4,0
675,0,1
675,1,1
675,2,2
675,3,1
675,4,2
676,0,7
676,1,6
676,2,5
676,3,3
676,4,0
677,0,0
677,1,0
677,2,1
677,3,1
677,4,2
678,0,1
678,1,1
678,2,1
678,3,1
678,4,0
679,0,1
679,1,0
679,2,0
679,3,0
679,4,1
680,0,1
680,1,1
680,2,0
680,3,0
680,4,1
681,0,14
681,1,12
681,2,9
681,3,5
681,4,0
682,0,1
682,1,1
682,2,1
682,3,1
682,4,0
683,0,10
683,1,8
683,2,6
683,3,3
683,4,0
684,0,1
684,1,2
684,2,1
684,3,1
684,4,0
685,0,9
685,1,7
685,2,5
685,3,3
685,4,0
686,0,6
686,1,4
686,2,2
686,3,1
686,4,0
687,0,1
687,1,0
687,2,0
687,3,1
687,4,1
688,0,3
688,1,2
688,2,1
688,3,0
688,4,0
689,0,1
689,1,2
689,2,1
689,3,1
689,4,0
690,0,2
690,1,2
690,2,1
690,3,1
690,4,0
691,0,2
691,1,1
691,2,0
691,3,0
691,4,0
692,0,6
692,1,5
692,2,4
692,3,2
692,4,0
693,0,8
693,1,7
693,2,5
693,3,3
693,4,0
694,0,11
694,1,9
694,2,6
694,3,3
694,4,0
695,0,1
695,1,0
695,2,1
695,3,2
695,4,3
696,0,0
696,1,0
696,2,1
696,3,0
696,4,1
697,0,0
697,1,0
697,2,1
697,3,1
697,4,1
698,0,8
698,1,7
698,2,5
698,3,2
698,4,0
699,0,1
699,1,1
699,2,2
699,3,1
699,4,2
700,0,1
700,1,1
700,2,0
700,3,1
700,4,0
701,0,1
701,1,1
701,2,1
701,3,0
701,4,0
702,0,1
702,1,2
702,2,2
702,3,3
702,4,3
703,0,1
703,1,1
703,2,1
703,3,2
703,4,3
704,0,4
704,1,3
704,2,1
704,3,0
704,4,0
705,0,11
705,1,9
705,2,7
705,3,4
705,4,0
706,0,1
706,1,0
706,2,0
706,3,0
706,4,0
707,0,11
707,1,9
707,2,6
707,3,3
707,4,0
708,0,6
708,1,5
708,2,3
708,3,1
708,4,0
709,0,1
709,1,1
709,2,1
709,3,1
709,4,0
710,0,1
710,1,1
710,2,0
710,3,1
710,4,0
711,0,8
711,1,7
711,2,5
711,3,3
711,4,0
712,0,0
712,1,1
712,2,0
712,3,1
712,4,0
713,0,2
713,1,2
713,2,1
713,3,0
713,4,0
714,0,2
714,1,1
714,2,1
714,3,0
714,4,0
715,0,0
715,1,1
715,2,2
715,3,3
715,4,2
716,0,1
716,1,2
716,2,2
716,3,2
716,4,3
717,0,4
717,1,3
717,2,2
717,3,1
717,4,0
718,0,1
718,1,1
718,2,2
718,3,1
718,4,0
719,0,4
719,1,3
719,2,3
719,3,2
719,4,0
720,0,6
720,1,4
720,2,3
720,3,2
720,4,0
721,0,1
721,1,1
721,2,0
721,3,0
721,4,0
722,0,3
722,1,2
722,2,1
722,3,0
722,4,0
723,0,1
723,1,1
723,2,0
723,3,0
723,4,0
724,0,8
724,1,7
724,2,5
724,3,2
724,4,0
725,0,1
725,1,2
725,2,2
725,3,3
725,4,3
726,0,0
726,1,0
726,2,1
726,3,1
726,4,1
727,0,4
727,1,3
727,2,1
727,3,0
727,4,0
728,0,1
728,1,0
728,2,1
728,3,1
728,4,2
729,0,1
729,1,0
729,2,1
729,3,1
729,4,2
730,0,1
730,1,2
730,2,1
730,3,1
730,4,1
731,0,0
731,1,0
731,2,0
731,3,1
731,4,2
732,0,12
732,1,10
732,2,7
732,3,3
732,4,0
733,0,1
733,1,1
733,2,2
733,3,3
733,4,4
734,0,1
734,1,0
734,2,1
734,3,1
734,4,2
735,0,4
735,1,3
735,2,2
735,3,1
735,4,0
736,0,5
736,1,4
736,2,3
736,3,2
736,4,0
737,0,14
737,1,12
737,2,9
737,3,5
737,4,0
738,0,1
738,1,2
738,2,2
738,3,2
738,4,3
739,0,1
739,1,1
739,2,2
739,3,2
739,4,1
740,0,5
740,1,4
740,2,3
740,3,1
740,4,0
741,0,8
741,1,7
741,2,5
741,3,3
741,4,0
742,0,0
742,1,0
742,2,0
742,3,0
742,4,0
743,0,1
743,1,2
743,2,1
743,3,1
743,4,0
744,0,0
744,1,0
744,2,1
744,3,2
744,4,2
745,0,1
745,1,2
745,2,2
745,3,2
745,4,1
746,0,0
746,1,0
746,2,1
746,3,1
746,4,1
747,0,3
747,1,3
747,2,2
747,3,1
747,4,0
748,0,1
748,1,1
748,2,1
748,3,2
748,4,2
749,0,1
749,1,1
749,2,0
749,3,1
749,4,2
750,0,4
750,1,3
750,2,2
750,3,1
750,4,0
751,0,1
751,1,0
751,2,1
751,3,2
751,4,1
752,0,1
752,1,1
752,2,2
752,3,1
752,4,0
753,0,1
753,1,0
753,2,1
753,3,0
753,4,1
754,0,5
754,1,4
754,2,3
754,3,2
754,4,0
755,0,1
755,1,1
755,2,2
755,3,2
755,4,3
756,0,1
756,1,1
756,2,2
756,3,2
756,4,2
757,0,5
757,1,4
757,2,3
757,3,2
757,4,0
758,0,1
758,1,2
758,2,1
758,3,2
758,4,2
759,0,1
759,1,1
759,2,2
759,3,3
759,4,3
760,0,1
760,1,1
760,2,2
760,3,3
760,4,4
761,0,1
761,1,1
761,2,0
761,3,1
761,4,0
762,0,6
762,1,6
762,2,5
762,3,3
762,4,0
763,0,10
763,1,9
763,2,7
763,3,4
763,4,0
764,0,0
764,1,0
764,2,1
764,3,0
764,4,1
765,0,10
765,1,9
765,2,7
765,3,4
765,4,0
766,0,8
766,1,6
766,2,4
766,3,2
766,4,0
767,0,9
767,1,7
767,2,5
767,3,2
767,4,0
768,0,1
768,1,2
768,2,3
768,3,4
768,4,3
769,0,3
769,1,2
769,2,1
769,3,0
769,4,0
770,0,9
770,1,8
770,2,6
770,3,3
770,4,0
771,0,1
771,1,0
771,2,0
771,3,1
771,4,2
772,0,1
772,1,0
772,2,1
772,3,1
772,4,1
773,0,1
773,1,1
773,2,0
773,3,0
773,4,1
774,0,1
774,1,0
774,2,0
774,3,0
774,4,0
775,0,4
775,1,3
775,2,3
775,3,2
775,4,0
776,0,0
776,1,0
776,2,1
776,3,1
776,4,0
777,0,8
777,1,6
777,2,4
777,3,2
777,4,0
778,0,1
778,1,0
778,2,1
778,3,1
778,4,0
779,0,7
779,1,6
779,2,5
779,3,3
779,4,0
780,0,2
780,1,3
780,2,2
780,3,1
780,4,0
781,0,1
781,1,1
781,2,2
781,3,1
781,4,1
782,0,3
782,1,2
782,2,1
782,3,1
782,4,0
783,0,2
783,1,1
783,2,1
783,3,1
783,4,0
784,0,2
784,1,2
784,2,2
784,3,1
784,4,0
785,0,0
785,1,0
785,2,0
785,3,0
785,4,0
786,0,7
786,1,6
786,2,5
786,3,3
786,4,0
787,0,1
787,1,2
787,2,2
787,3,1
787,4,0
788,0,2
788,1,1
788,2,1
788,3,0
788,4,0
789,0,1
789,1,2
789,2,2
789,3,2
789,4,2
790,0,13
790,1,11
790,2,8
790,3,4
790,4,0
791,0,0
791,1,1
791,2,1
791,3,0
791,4,0
792,0,10
792,1,8
792,2,6
792,3,3
792,4,0
793,0,6
793,1,5
793,2,4
793,3,2
793,4,0
794,0,0
794,1,0
794,2,1
794,3,2
794,4,1
795,0,0
795,1,0
795,2,1
795,3,1
795,4,1
796,0,5
796,1,4
796,2,3
796,3,1
796,4,0
797,0,1
797,1,2
797,2,2
797,3,1
797,4,0
798,0,1
798,1,2
798,2,2
798,3,1
798,4,0
799,0,6
799,1,5
799,2,3
799,3,2
799,4,0
800,0,0
800,1,0
800,2,1
800,3,0
800,4,1
801,0,3
801,1,3
801,2,3
801,3,2
801,4,0
802,0,0
802,1,1
802,2,1
802,3,2
802,4,3
803,0,2
803,1,1
803,2,0
803,3,0
803,4,0
804,0,4
804,1,2
804,2,1
804,3,1
804,4,0
805,0,6
805,1,6
805,2,5
805,3,3
805,4,0
806,0,1
806,1,0
806,2,0
806,3,0
806,4,0
807,0,1
807,1,2
807,2,2
807,3,3
807,4,3
808,0,1
808,1,1
808,2,0
808,3,0
808,4,0
809,0,0
809,1,0
809,2,1
809,3,0
809,4,0
810,0,1
810,1,2
810,2,1
810,3,0
810,4,0
811,0,2
811,1,1
811,2,0
811,3,0
811,4,1
812,0,1
812,1,2
812,2,2
812,3,3
812,4,2
813,0,1
813,1,2
813,2,3
813,3,2
813,4,3
814,0,3
814,1,2
814,2,1
814,3,0
814,4,0
815,0,1
815,1,1
815,2,1
815,3,2
815,4,2
816,0,9
816,1,8
816,2,6
816,3,3
816,4,0
817,0,10
817,1,8
817,2,6
817,3,3
817,4,0
818,0,4
818,1,2
818,2,1
818,3,1
818,4,0
819,0,5
819,1,5
819,2,4
819,3,2
819,4,0
820,0,10
820,1,8
820,2,5
820,3,3
820,4,0
821,0,0
821,1,0
821,2,0
821,3,1
821,4,2
822,0,1
822,1,2
822,2,3
822,3,3
822,4,4
823,0,1
823,1,1
823,2,1
823,3,0
823,4,0
824,0,1
824,1,0
824,2,0
824,3,1
824,4,2
825,0,1
825,1,0
825,2,0
825,3,1
825,4,2
826,0,0
826,1,1
826,2,2
826,3,3
826,4,4
827,0,0
827,1,0
827,2,1
827,3,0
827,4,1
828,0,1
828,1,1
828,2,2
828,3,3
828,4,4
829,0,1
829,1,2
829,2,2
829,3,3
829,4,2
830,0,0
830,1,0
830,2,0
830,3,1
830,4,2
831,0,3
831,1,3
831,2,3
831,3,2
831,4,0
832,0,3
832,1,3
832,2,2
832,3,1
832,4,0
833,0,0
833,1,1
833,2,2
833,3,3
833,4,3
834,0,1
834,1,1
834,2,2
834,3,1
834,4,0
835,0,1
835,1,2
835,2,1
835,3,1
835,4,0
836,0,2
836,1,1
836,2,0
836,3,0
836,4,1
837,0,14
837,1,12
837,2,9
837,3,5
837,4,0
838,0,1
838,1,0
838,2,0
838,3,1
838,4,2
839,0,4
839,1,4
839,2,3
839,3,2
839,4,0
840,0,0
840,1,1
840,2,0
840,3,1
840,4,1
841,0,2
841,1,1
841,2,0
841,3,0
841,4,0
842,0,2
842,1,1
842,2,1
842,3,1
842,4,0
843,0,8
843,1,6
843,2,4
843,3,2
843,4,0
844,0,1
844,1,0
844,2,0
844,3,1
844,4,1
845,0,1
845,1,1
845,2,1
845,3,2
845,4,2
846,0,0
846,1,0
846,2,1
846,3,2
846,4,1
847,0,6
847,1,5
847,2,3
847,3,2
847,4,0
848,0,8
848,1,6
848,2,5
848,3,3
848,4,0
849,0,0
849,1,1
849,2,1
849,3,1
849,4,1
850,0,0
850,1,1
850,2,0
850,3,0
850,4,0
851,0,12
851,1,10
851,2,7
851,3,3
851,4,0
852,0,5
852,1,4
852,2,2
852,3,1
852,4,0
853,0,1
853,1,0
853,2,0
853,3,1
853,4,0
854,0,0
854,1,1
854,2,1
854,3,2
854,4,2
855,0,1
855,1,1
855,2,1
855,3,1
855,4,0
856,0,1
856,1,0
856,2,1
856,3,2
856,4,2
857,0,2
857,1,2
857,2,1
857,3,0
857,4,0
858,0,2
858,1,1
858,2,1
858,3,0
858,4,0
859,0,1
859,1,0
859,2,0
859,3,1
859,4,0
860,0,0
860,1,1
860,2,0
860,3,0
860,4,1
861,0,2
861,1,1
861,2,0
861,3,0
861,4,1
862,0,1
862,1,1
862,2,0
862,3,1
862,4,2
863,0,5
863,1,4
863,2,3
863,3,2
863,4,0
864,0,3
864,1,2
864,2,2
864,3,1
864,4,0
865,0,1
865,1,2
865,2,2
865,3,1
865,4,1
866,0,0
866,1,1
866,2,2
866,3,3
866,4,2
867,0,5
867,1,4
867,2,3
867,3,1
867,4,0
868,0,2
868,1,1
868,2,2
868,3,1
868,4,0
869,0,1
869,1,1
869,2,1
869,3,1
869,4,0
870,0,4
870,1,3
870,2,1
870,3,0
870,4,0
871,0,1
871,1,0
871,2,0
871,3,1
871,4,2
872,0,0
872,1,1
872,2,0
872,3,1
872,4,1
873,0,0
873,1,0
873,2,1
873,3,1
873,4,0
874,0,1
874,1,2
874,2,2
874,3,2
874,4,2
875,0,4
875,1,3
875,2,3
875,3,2
875,4,0
876,0,1
876,1,1
876,2,0
876,3,0
876,4,1
877,0,0
877,1,0
877,2,1
877,3,0
877,4,0
878,0,6
878,1,5
878,2,3
878,3,2
878,4,0
879,0,7
879,1,6
879,2,4
879,3,2
879,4,0
880,0,0
880,1,1
880,2,2
880,3,2
880,4,2
881,0,3
881,1,1
881,2,0
881,3,0
881,4,0
882,0,1
882,1,0
882,2,0
882,3,0
882,4,0
883,0,1
883,1,1
883,2,0
883,3,0
883,4,1
884,0,1
884,1,0
884,2,0
884,3,1
884,4,2
885,0,2
885,1,1
885,2,2
885,3,1
885,4,0
886,0,2
886,1,1
886,2,1
886,3,1
886,4,0
887,0,0
887,1,1
887,2,1
887,3,0
887,4,1
888,0,2
888,1,2
888,2,1
888,3,0
888,4,0
889,0,4
889,1,4
889,2,3
889,3,2
889,4,0
890,0,1
890,1,1
890,2,2
890,3,3
890,4,4
891,0,1
891,1,1
891,2,2
891,3,1
891,4,1
892,0,1
892,1,1
892,2,1
892,3,2
892,4,3
893,0,4
893,1,4
893,2,3
893,3,2
893,4,0
894,0,1
894,1,1
894,2,0
894,3,0
894,4,1
895,0,0
895,1,1
895,2,0
895,3,1
895,4,1
896,0,1
896,1,2
896,2,2
896,3,1
896,4,0
897,0,0
897,1,0
897,2,0
897,3,1
897,4,1
898,0,1
898,1,1
898,2,2
898,3,1
898,4,0
899,0,2
899,1,1
899,2,2
899,3,1
899,4,0
900,0,0
900,1,0
900,2,0
900,3,1
900,4,1
901,0,2
901,1,2
901,2,1
901,3,0
901,4,0
902,0,0
902,1,1
902,2,2
902,3,1
902,4,2
903,0,1
903,1,1
903,2,0
903,3,0
903,4,0
904,0,5
904,1,4
904,2,3
904,3,1
904,4,0
905,0,2
905,1,2
905,2,1
905,3,0
905,4,0
906,0,1
906,1,1
906,2,2
906,3,1
906,4,0
907,0,1
907,1,1
907,2,0
907,3,0
907,4,0
908,0,1
908,1,2
908,2,2
908,3,1
908,4,0
909,0,4
909,1,2
909,2,1
909,3,1
909,4,0
910,0,7
910,1,5
910,2,3
910,3,1
910,4,0
911,0,1
911,1,0
911,2,0
911,3,1
911,4,0
912,0,1
912,1,1
912,2,1
912,3,2
912,4,3
913,0,1
913,1,1
913,2,0
913,3,0
913,4,1
914,0,2
914,1,2
914,2,2
914,3,1
914,4,0
915,0,0
915,1,1
915,2,2
915,3,2
915,4,2
916,0,1
916,1,0
916,2,1
916,3,1
916,4,1
917,0,0
917,1,1
917,2,2
917,3,3
917,4,4
918,0,7
918,1,5
918,2,3
918,3,2
918,4,0
919,0,0
919,1,0
919,2,1
919,3,1
919,4,1
920,0,0
920,1,1
920,2,2
920,3,2
920,4,1
921,0,0
921,1,1
921,2,2
921,3,2
921,4,3
922,0,1
922,1,1
922,2,2
922,3,1
922,4,0
923,0,1
923,1,1
923,2,2
923,3,1
923,4,2
924,0,0
924,1,0
924,2,0
924,3,1
924,4,1
925,0,1
925,1,0
925,2,0
925,3,1
925,4,1
926,0,1
926,1,1
926,2,1
926,3,0
926,4,0
927,0,7
927,1,6
927,2,4
927,3,2
927,4,0
928,0,3
928,1,2
928,2,2
928,3,1
928,4,0
929,0,0
929,1,1
929,2,2
929,3,3
929,4,2
930,0,1
930,1,1
930,2,2
930,3,1
930,4,0
931,0,1
931,1,0
931,2,0
931,3,1
931,4,1
932,0,7
932,1,5
932,2,3
932,3,1
932,4,0
933,0,1
933,1,2
933,2,3
933,3,3
933,4,2
934,0,6
934,1,6
934,2,5
934,3,3
934,4,0
935,0,9
935,1,7
935,2,5
935,3,3
935,4,0
936,0,1
936,1,2
936,2,1
936,3,1
936,4,0
937,0,1
937,1,0
937,2,0
937,3,1
937,4,1
938,0,1
938,1,0
938,2,0
938,3,1
938,4,0
939,0,1
939,1,1
939,2,2
939,3,1
939,4,1
940,0,1
940,1,1
940,2,0
940,3,0
940,4,0
941,0,3
941,1,3
941,2,2
941,3,1
941,4,0
942,0,3
942,1,2
942,2,1
942,3,1
942,4,0
943,0,0
943,1,0
943,2,0
943,3,0
943,4,1
944,0,1
944,1,1
944,2,2
944,3,2
944,4,3
945,0,2
945,1,2
945,2,1
945,3,0
945,4,0
946,0,0
946,1,0
946,2,1
946,3,0
946,4,1
947,0,10
947,1,8
947,2,6
947,3,3
947,4,0
948,0,3
948,1,1
948,2,0
948,3,0
948,4,0
949,0,0
949,1,0
949,2,0
949,3,1
949,4,0
950,0,0
950,1,0
950,2,0
950,3,0
950,4,1
951,0,5
951,1,4
951,2,3
951,3,2
951,4,0
952,0,3
952,1,2
952,2,2
952,3,1
952,4,0
953,0,2
953,1,1
953,2,1
953,3,0
953,4,0
954,0,0
954,1,0
954,2,0
954,3,1
954,4,0
955,0,1
955,1,1
955,2,2
955,3,1
955,4,2
956,0,5
956,1,5
956,2,4
956,3,2
956,4,0
957,0,0
957,1,1
957,2,1
957,3,0
957,4,0
958,0,6
958,1,5
958,2,4
958,3,2
958,4,0
959,0,6
959,1,4
959,2,3
959,3,2
959,4,0
960,0,4
960,1,3
960,2,1
960,3,0
960,4,0
961,0,4
961,1,3
961,2,3
961,3,2
961,4,0
962,0,7
962,1,5
962,2,4
962,3,2
962,4,0
963,0,8
963,1,7
963,2,5
963,3,2
963,4,0
964,0,2
964,1,1
964,2,1
964,3,0
964,4,0
965,0,1
965,1,2
965,2,2
965,3,2
965,4,3
966,0,1
966,1,0
966,2,0
966,3,1
966,4,0
967,0,0
967,1,0
967,2,1
967,3,2
967,4,2
968,0,1
968,1,2
968,2,3
968,3,3
968,4,2
969,0,1
969,1,1
969,2,2
969,3,2
969,4,2
970,0,1
970,1,2
970,2,3
970,3,3
970,4,4
971,0,3
971,1,2
971,2,2
971,3,1
971,4,0
972,0,1
972,1,1
972,2,2
972,3,3
972,4,3
973,0,7
973,1,5
973,2,4
973,3,2
973,4,0
974,0,1
974,1,2
974,2,1
974,3,2
974,4,2
975,0,1
975,1,1
975,2,2
975,3,1
975,4,0
976,0,0
976,1,0
976,2,0
976,3,1
976,4,0
977,0,3
977,1,2
977,2,1
977,3,0
977,4,0
978,0,1
978,1,0
978,2,0
978,3,1
978,4,2
979,0,0
979,1,0
979,2,1
979,3,1
979,4,0
980,0,3
980,1,1
980,2,0
980,3,0
980,4,0
981,0,0
981,1,0
981,2,1
981,3,2
981,4,1
982,0,1
982,1,1
982,2,1
982,3,0
982,4,0
983,0,0
983,1,0
983,2,1
983,3,0
983,4,1
984,0,0
984,1,1
984,2,1
984,3,2
984,4,2
985,0,3
985,1,2
985,2,2
985,3,1
985,4,0
986,0,1
986,1,2
986,2,3
986,3,2
986,4,2
987,0,1
987,1,0
987,2,0
987,3,0
987,4,0
988,0,1
988,1,0
988,2,0
988,3,0
988,4,0
989,0,1
989,1,2
989,2,3
989,3,2
989,4,3
990,0,5
990,1,3
990,2,2
990,3,1
990,4,0
991,0,0
991,1,0
991,2,0
991,3,1
991,4,2
992,0,5
992,1,4
992,2,2
992,3,1
992,4,0
993,0,4
993,1,3
993,2,3
993,3,2
993,4,0
994,0,0
994,1,0
994,2,1
994,3,2
994,4,3
995,0,6
995,1,5
995,2,3
995,3,1
995,4,0
996,0,1
996,1,2
996,2,3
996,3,3
996,4,3
997,0,4
997,1,2
997,2,1
997,3,1
997,4,0
998,0,1
998,1,2
998,2,2
998,3,1
998,4,1
999,0,1
999,1,2
999,2,3
999,3,4
999,4,4
